{
	"0": 
	{
		"K" : 
		[
			1.0635121e+03, 0.0000000e+00, 5.1173825e+02,
			0.0000000e+00, 1.0718636e+03, 3.5008829e+02,
			0.0000000e+00, 0.0000000e+00, 1.0000000e+00
		],
		"RT" : 
		[
			0.65097713, -0.7587173,   0.02402735, -0.5942785,
			-0.01886197, -0.04781039, -0.99867845,  0.9719739,
			0.758863,    0.649664,   -0.045434,    2.624511
		],
		"imgSize" : 
		[
			1032,
			776
		]
	},
	"1": 
	{
		"K" : 
		[
			1.0976978e+03, 0.0000000e+00, 5.2165216e+02,
			0.0000000e+00, 1.0866685e+03, 3.7658707e+02,
			0.0000000e+00, 0.0000000e+00, 1.0000000e+00
		],
		"RT" : 
		[
			-0.01677109, -0.9998355,   0.00692612,  0.24584039,
			-0.02943505, -0.00643066, -0.99954623,  0.862727, 
			0.999426,   -0.016967,   -0.029322,    3.543943
		],
		"imgSize" : 
		[
			1032,
			776
		]
	},
	"2": 
	{
		"K" : 
		[
			1.1300656e+03, 0.0000000e+00, 5.6688434e+02,
			0.0000000e+00, 1.1124703e+03, 3.7521271e+02,
			0.0000000e+00, 0.0000000e+00, 1.0000000e+00
		],
		"RT" : 
		[
			-0.78998613, -0.6105269,   0.05637994,  0.28062603,
			-0.37041247,  0.4019621,  -0.8373894,  0.70167285,
			0.488586,   -0.68241,    -0.543691,    3.893979
		],
		"imgSize" : 
		[
			1032,
			776
		]
	},
	"3": 
	{
		"K" : 
		[
			1.0561626e+03, 0.0000000e+00, 5.5243573e+02,
			0.0000000e+00, 1.0596396e+03, 3.9318039e+02,
 			0.0000000e+00, 0.0000000e+00, 1.0000000e+00
		],
		"RT" : 
		[
			-0.97056794,  0.23564765, -0.04967594,  0.20252647,
			0.09762984,  0.19643824, -0.9756435,  0.62373996,
			-0.22015,  -0.951779,   -0.213663,    3.760249
		],
		"imgSize" : 
		[
			1032,
			776
		]
	},
	"4": 
	{
		"K" : 
		[
			1.0896542e+03, 0.0000000e+00, 4.9832962e+02,
			0.0000000e+00, 1.0809994e+03, 3.5951483e+02,
			0.0000000e+00, 0.0000000e+00, 1.0000000e+00
		],
		"RT" : 
		[
			-0.1941094,  0.98055434, -0.02888808, 0.51718044,
			0.23304527,  0.01748825, -0.9723088,  0.5017835,
			-0.952896,   -0.195466,   -0.231908,    4.038814
		],
		"imgSize" : 
		[
			1032,
			776
		]
	}
}